{
    "name": "chatroom_names",
    "roles": [
        "chatroom_names"
    ],
    "lookups": [
        "keywords"
    ],
    "keywords": [
        {
            "keyword": "Buckys Badger Den",
            "synonyms": [
                "bucky badger",
                "buckys",
                "buckys badger",
                "buckys badger den",
                "den"
            ]
        },
        {
            "keyword": "Engineering Hall Exchange",
            "synonyms": [
                "engineering",
                "engineering hall",
                "engineering hall exchange"
            ]
        },
        {
            "keyword": "Grainger Hall Gatherings",
            "synonyms": [
                "grainger",
                "grainger hall",
                "grainger hall gatherings"
            ]
        },
        {
            "keyword": "Kohl Center Kudos",
            "synonyms": [
                "kohl",
                "kohl center",
                "kohl center kudos"
            ]
        },
        {
            "keyword": "Lakeshore Path Pioneers",
            "synonyms": [
                "lakeshore",
                "lakeshore path",
                "lakeshore path pioneers"
            ]
        },
        {
            "keyword": "Picnic Point Pathfinders",
            "synonyms": [
                "picnic",
                "picnic point",
                "picnic point pathfinders"
            ]
        },
        {
            "keyword": "Science Hall Scholars",
            "synonyms": [
                "science",
                "science hall",
                "science hall scholars"
            ]
        },
        {
            "keyword": "Union South Socials",
            "synonyms": [
                "union",
                "union south",
                "union south socials"
            ]
        }
    ]
}
