{
    "utterances": [
        {
            "text": "I don't know what to do",
            "entities": [],
            "traits": [],
            "intent": "get_help"
        },
        {
            "text": "I need help",
            "entities": [],
            "traits": [],
            "intent": "get_help"
        },
        {
            "text": "I want an account",
            "entities": [],
            "traits": [],
            "intent": "register"
        },
        {
            "text": "I want to log out",
            "entities": [],
            "traits": [],
            "intent": "logout"
        },
        {
            "text": "I want to login",
            "entities": [],
            "traits": [],
            "intent": "login"
        },
        {
            "text": "I want to register an account",
            "entities": [],
            "traits": [],
            "intent": "register"
        },
        {
            "text": "I want to sign up",
            "entities": [],
            "traits": [],
            "intent": "register"
        },
        {
            "text": "I would like to logout",
            "entities": [],
            "traits": [],
            "intent": "logout"
        },
        {
            "text": "am i logged in",
            "entities": [],
            "traits": [],
            "intent": "whoami"
        },
        {
            "text": "chatrooms",
            "entities": [],
            "traits": [],
            "intent": "get_chatrooms"
        },
        {
            "text": "create a message",
            "entities": [],
            "traits": [],
            "intent": "create_message"
        },
        {
            "text": "create a message in lakeshore path pioneers",
            "entities": [
                {
                    "entity": "chatroom_names:chatroom_names",
                    "start": 20,
                    "end": 43,
                    "body": "lakeshore path pioneers",
                    "entities": []
                }
            ],
            "traits": [],
            "intent": "create_message"
        },
        {
            "text": "create a post",
            "entities": [],
            "traits": [],
            "intent": "create_message"
        },
        {
            "text": "create a post in union south socials",
            "entities": [
                {
                    "entity": "chatroom_names:chatroom_names",
                    "start": 17,
                    "end": 36,
                    "body": "union south socials",
                    "entities": []
                }
            ],
            "traits": [],
            "intent": "create_message"
        },
        {
            "text": "create account",
            "entities": [],
            "traits": [],
            "intent": "register"
        },
        {
            "text": "create message",
            "entities": [],
            "traits": [],
            "intent": "create_message"
        },
        {
            "text": "create post",
            "entities": [],
            "traits": [],
            "intent": "create_message"
        },
        {
            "text": "create post in engineering hall exchange",
            "entities": [
                {
                    "entity": "chatroom_names:chatroom_names",
                    "start": 15,
                    "end": 40,
                    "body": "engineering hall exchange",
                    "entities": []
                }
            ],
            "traits": [],
            "intent": "create_message"
        },
        {
            "text": "get 3 latest posts from lakeshore path",
            "entities": [
                {
                    "entity": "wit$number:number",
                    "start": 4,
                    "end": 5,
                    "body": "3",
                    "entities": []
                },
                {
                    "entity": "chatroom_names:chatroom_names",
                    "start": 24,
                    "end": 38,
                    "body": "lakeshore path",
                    "entities": []
                }
            ],
            "traits": [],
            "intent": "get_messages"
        },
        {
            "text": "get 8 messages from science hall scholars",
            "entities": [
                {
                    "entity": "wit$number:number",
                    "start": 4,
                    "end": 5,
                    "body": "8",
                    "entities": []
                },
                {
                    "entity": "chatroom_names:chatroom_names",
                    "start": 20,
                    "end": 41,
                    "body": "science hall scholars",
                    "entities": []
                }
            ],
            "traits": [],
            "intent": "get_messages"
        },
        {
            "text": "get chatrooms",
            "entities": [],
            "traits": [],
            "intent": "get_chatrooms"
        },
        {
            "text": "get help",
            "entities": [],
            "traits": [],
            "intent": "get_help"
        },
        {
            "text": "get latest 2 messages from kohl center kudos",
            "entities": [
                {
                    "entity": "wit$number:number",
                    "start": 11,
                    "end": 12,
                    "body": "2",
                    "entities": []
                },
                {
                    "entity": "chatroom_names:chatroom_names",
                    "start": 27,
                    "end": 44,
                    "body": "kohl center kudos",
                    "entities": []
                }
            ],
            "traits": [],
            "intent": "get_messages"
        },
        {
            "text": "get me 7 latest comments from buckys badger den",
            "entities": [
                {
                    "entity": "wit$number:number",
                    "start": 7,
                    "end": 8,
                    "body": "7",
                    "entities": []
                },
                {
                    "entity": "chatroom_names:chatroom_names",
                    "start": 30,
                    "end": 47,
                    "body": "buckys badger den",
                    "entities": []
                }
            ],
            "traits": [],
            "intent": "get_messages"
        },
        {
            "text": "get me comments",
            "entities": [],
            "traits": [],
            "intent": "get_messages"
        },
        {
            "text": "get me latest messages from picnic point pathfinders",
            "entities": [
                {
                    "entity": "chatroom_names:chatroom_names",
                    "start": 28,
                    "end": 52,
                    "body": "picnic point pathfinders",
                    "entities": []
                }
            ],
            "traits": [],
            "intent": "get_messages"
        },
        {
            "text": "get me the 4 latest posts from union south socials",
            "entities": [
                {
                    "entity": "wit$number:number",
                    "start": 11,
                    "end": 12,
                    "body": "4",
                    "entities": []
                },
                {
                    "entity": "chatroom_names:chatroom_names",
                    "start": 31,
                    "end": 50,
                    "body": "union south socials",
                    "entities": []
                }
            ],
            "traits": [],
            "intent": "get_messages"
        },
        {
            "text": "get me the 5 latest messages",
            "entities": [
                {
                    "entity": "wit$number:number",
                    "start": 11,
                    "end": 12,
                    "body": "5",
                    "entities": []
                }
            ],
            "traits": [],
            "intent": "get_messages"
        },
        {
            "text": "get me the latest messages",
            "entities": [],
            "traits": [],
            "intent": "get_messages"
        },
        {
            "text": "get messages",
            "entities": [],
            "traits": [],
            "intent": "get_messages"
        },
        {
            "text": "get messages from Engineering hall exchange",
            "entities": [
                {
                    "entity": "chatroom_names:chatroom_names",
                    "start": 18,
                    "end": 43,
                    "body": "Engineering hall exchange",
                    "entities": []
                }
            ],
            "traits": [],
            "intent": "get_messages"
        },
        {
            "text": "get the latest message from kohl center kudos",
            "entities": [
                {
                    "entity": "chatroom_names:chatroom_names",
                    "start": 28,
                    "end": 45,
                    "body": "kohl center kudos",
                    "entities": []
                }
            ],
            "traits": [],
            "intent": "get_messages"
        },
        {
            "text": "give me the 3 latest messages",
            "entities": [
                {
                    "entity": "wit$number:number",
                    "start": 12,
                    "end": 13,
                    "body": "3",
                    "entities": []
                }
            ],
            "traits": [],
            "intent": "get_messages"
        },
        {
            "text": "give me the 4 latest posts",
            "entities": [
                {
                    "entity": "wit$number:number",
                    "start": 12,
                    "end": 13,
                    "body": "4",
                    "entities": []
                }
            ],
            "traits": [],
            "intent": "get_messages"
        },
        {
            "text": "help",
            "entities": [],
            "traits": [],
            "intent": "get_help"
        },
        {
            "text": "help me",
            "entities": [],
            "traits": [],
            "intent": "get_help"
        },
        {
            "text": "let's login",
            "entities": [],
            "traits": [],
            "intent": "login"
        },
        {
            "text": "log in",
            "entities": [],
            "traits": [],
            "intent": "login"
        },
        {
            "text": "log me in",
            "entities": [],
            "traits": [],
            "intent": "login"
        },
        {
            "text": "log me out",
            "entities": [],
            "traits": [],
            "intent": "logout"
        },
        {
            "text": "log out",
            "entities": [],
            "traits": [],
            "intent": "logout"
        },
        {
            "text": "login",
            "entities": [],
            "traits": [],
            "intent": "login"
        },
        {
            "text": "logout",
            "entities": [],
            "traits": [],
            "intent": "logout"
        },
        {
            "text": "logout please",
            "entities": [],
            "traits": [],
            "intent": "logout"
        },
        {
            "text": "make a post in buckys badger den",
            "entities": [
                {
                    "entity": "chatroom_names:chatroom_names",
                    "start": 15,
                    "end": 32,
                    "body": "buckys badger den",
                    "entities": []
                }
            ],
            "traits": [],
            "intent": "create_message"
        },
        {
            "text": "make message in science hall scholars",
            "entities": [
                {
                    "entity": "chatroom_names:chatroom_names",
                    "start": 16,
                    "end": 37,
                    "body": "science hall scholars",
                    "entities": []
                }
            ],
            "traits": [],
            "intent": "create_message"
        },
        {
            "text": "messages",
            "entities": [],
            "traits": [],
            "intent": "get_messages"
        },
        {
            "text": "post a message to picnic point pathfinders",
            "entities": [
                {
                    "entity": "chatroom_names:chatroom_names",
                    "start": 18,
                    "end": 42,
                    "body": "picnic point pathfinders",
                    "entities": []
                }
            ],
            "traits": [],
            "intent": "create_message"
        },
        {
            "text": "post in grainger hall gatherings",
            "entities": [
                {
                    "entity": "chatroom_names:chatroom_names",
                    "start": 8,
                    "end": 32,
                    "body": "grainger hall gatherings",
                    "entities": []
                }
            ],
            "traits": [],
            "intent": "create_message"
        },
        {
            "text": "post something to kohl center kudos",
            "entities": [
                {
                    "entity": "chatroom_names:chatroom_names",
                    "start": 18,
                    "end": 35,
                    "body": "kohl center kudos",
                    "entities": []
                }
            ],
            "traits": [],
            "intent": "create_message"
        },
        {
            "text": "register",
            "entities": [],
            "traits": [],
            "intent": "register"
        },
        {
            "text": "register account",
            "entities": [],
            "traits": [],
            "intent": "register"
        },
        {
            "text": "register for an account",
            "entities": [],
            "traits": [],
            "intent": "register"
        },
        {
            "text": "show chatrooms",
            "entities": [],
            "traits": [],
            "intent": "get_chatrooms"
        },
        {
            "text": "show me chatrooms",
            "entities": [],
            "traits": [],
            "intent": "get_chatrooms"
        },
        {
            "text": "sign me up",
            "entities": [],
            "traits": [],
            "intent": "register"
        },
        {
            "text": "what can I do",
            "entities": [],
            "traits": [],
            "intent": "get_help"
        },
        {
            "text": "what chatrooms are there",
            "entities": [],
            "traits": [],
            "intent": "get_chatrooms"
        },
        {
            "text": "what chatrooms can I use",
            "entities": [],
            "traits": [],
            "intent": "get_chatrooms"
        },
        {
            "text": "what is my username",
            "entities": [],
            "traits": [],
            "intent": "whoami"
        },
        {
            "text": "what is the latest post from grainger",
            "entities": [
                {
                    "entity": "chatroom_names:chatroom_names",
                    "start": 29,
                    "end": 37,
                    "body": "grainger",
                    "entities": []
                }
            ],
            "traits": [],
            "intent": "get_messages"
        },
        {
            "text": "what should I do",
            "entities": [],
            "traits": [],
            "intent": "get_help"
        },
        {
            "text": "what user am I logged in as",
            "entities": [],
            "traits": [],
            "intent": "whoami"
        },
        {
            "text": "who am i",
            "entities": [],
            "traits": [],
            "intent": "whoami"
        },
        {
            "text": "who am i logged in as",
            "entities": [],
            "traits": [],
            "intent": "whoami"
        },
        {
            "text": "who is currently logged in",
            "entities": [],
            "traits": [],
            "intent": "whoami"
        }
    ]
}
